<code_scheme name="Default" version="173">
  <option name="LINE_SEPARATOR" value="&#13;&#10;" />
  <option name="WRAP_WHEN_TYPING_REACHES_RIGHT_MARGIN" value="true" />
  <HTMLCodeStyleSettings>
    <option name="HTML_ATTRIBUTE_WRAP" value="0" />
    <option name="HTML_ALIGN_ATTRIBUTES" value="false" />
    <option name="HTML_DO_NOT_INDENT_CHILDREN_OF" value="html,thead,tbody,tfoot" />
    <option name="HTML_DONT_ADD_BREAKS_IF_INLINE_CONTENT" value="title,h2,h3,h4,h5,h6,p" />
  </HTMLCodeStyleSettings>
  <JSCodeStyleSettings version="0">
    <option name="USE_SEMICOLON_AFTER_STATEMENT" value="false" />
    <option name="FORCE_SEMICOLON_STYLE" value="true" />
    <option name="SPACE_BEFORE_GENERATOR_MULT" value="true" />
    <option name="USE_DOUBLE_QUOTES" value="false" />
    <option name="FORCE_QUOTE_STYlE" value="true" />
    <option name="JSX_ATTRIBUTE_VALUE" value="Based on type" />
    <option name="OBJECT_LITERAL_WRAP" value="0" />
    <option name="SPACES_WITHIN_OBJECT_LITERAL_BRACES" value="true" />
    <option name="SPACES_WITHIN_IMPORTS" value="true" />
    <option name="CHAINED_CALL_DOT_ON_NEW_LINE" value="false" />
  </JSCodeStyleSettings>
  <codeStyleSettings language="JavaScript">
    <option name="RIGHT_MARGIN" value="110" />
    <option name="KEEP_BLANK_LINES_IN_CODE" value="1" />
    <option name="ALIGN_MULTILINE_PARAMETERS" value="false" />
    <option name="ALIGN_MULTILINE_FOR" value="false" />
    <option name="SPACE_BEFORE_METHOD_PARENTHESES" value="true" />
    <option name="TERNARY_OPERATION_SIGNS_ON_NEXT_LINE" value="true" />
    <option name="KEEP_SIMPLE_BLOCKS_IN_ONE_LINE" value="true" />
    <option name="KEEP_SIMPLE_METHODS_IN_ONE_LINE" value="true" />
    <option name="ARRAY_INITIALIZER_WRAP" value="1" />
    <indentOptions>
      <option name="INDENT_SIZE" value="2" />
      <option name="CONTINUATION_INDENT_SIZE" value="2" />
      <option name="TAB_SIZE" value="2" />
    </indentOptions>
  </codeStyleSettings>
</code_scheme>