<code_scheme name="Default" version="173">
  <option name="LINE_SEPARATOR" value="&#13;&#10;" />
  <HTMLCodeStyleSettings>
    <option name="HTML_ATTRIBUTE_WRAP" value="0" />
    <option name="HTML_ALIGN_ATTRIBUTES" value="false" />
    <option name="HTML_DO_NOT_INDENT_CHILDREN_OF" value="html,thead,tbody,tfoot" />
    <option name="HTML_DONT_ADD_BREAKS_IF_INLINE_CONTENT" value="title,h2,h3,h4,h5,h6,p" />
  </HTMLCodeStyleSettings>
  <codeStyleSettings language="JavaScript">
    <option name="KEEP_LINE_BREAKS" value="false" />
    <option name="KEEP_FIRST_COLUMN_COMMENT" value="false" />
  </codeStyleSettings>
</code_scheme>