<application>
  <component name="CodeInsightSettings">
    <option name="AUTO_POPUP_JAVADOC_INFO" value="true" />
    <option name="REFORMAT_ON_PASTE" value="1" />
    <option name="INDENT_TO_CARET_ON_PASTE" value="true" />
  </component>
  <component name="CodeVisionSettings">
    <option name="codeVisionGroupToPosition">
      <map>
        <entry key="vcs.code.vision" value="Default" />
      </map>
    </option>
    <option name="enabled" value="false" />
  </component>
  <component name="EditorSettings">
    <option name="REMOVE_TRAILING_BLANK_LINES" value="true" />
    <option name="USE_EDITOR_FONT_IN_INLAYS" value="true" />
  </component>
  <component name="InlayHintsSettings">
    <option name="lastViewedProviderKeyId" value="" />
  </component>
</application>