<application>
  <component name="Atom Icon Selections Config">
    <option name="selectedFileAssociations">
      <SelectedAssociations>
        <option name="ownAssociations">
          <map>
            <entry key="Redux Store">
              <value>
                <RegexAssociation>
                  <option name="matcher" value=".*([sS])tores?\.(js|ts)$" />
                  <option name="pattern" value=".*([sS])tores?\.(js|ts)$" />
                  <option name="enabled" value="false" />
                  <option name="touched" value="true" />
                  <option name="name" value="Redux Store" />
                  <option name="icon" value="/icons/files/redux-store.svg" />
                  <option name="iconColor" value="26C6DA" />
                  <option name="folderColor" />
                  <option name="folderIconColor" />
                </RegexAssociation>
              </value>
            </entry>
          </map>
        </option>
      </SelectedAssociations>
    </option>
  </component>
</application>