<application>
  <component name="CodeVisionSettings">
    <option name="disabledCodeVisionProviderIds">
      <set>
        <option value="references" />
      </set>
    </option>
    <option name="enabled" value="false" />
  </component>
  <component name="EditorSettings">
    <option name="languageBreadcrumbsMap">
      <map>
        <entry key="CSS" value="true" />
        <entry key="ECMAScript 6" value="true" />
      </map>
    </option>
    <option name="SHOW_BREADCRUMBS_ABOVE" value="true" />
  </component>
  <component name="InlayHintsSettings">
    <option name="lastViewedProviderKeyId" value="JavaScript.parameter.hints.old.js.only.show.names.for.all.args" />
  </component>
</application>