<application>
  <component name="FeatureSuggesterSettings">
    <option name="workingDays">
      <list>
        <option value="1657502331874" />
        <option value="1657588018794" />
        <option value="1657672360786" />
        <option value="1657759577508" />
        <option value="1657864434770" />
        <option value="1658111370432" />
        <option value="1658194700978" />
        <option value="1658277834662" />
        <option value="1658368330534" />
        <option value="1658456050880" />
        <option value="1658711115092" />
        <option value="1658827864420" />
        <option value="1658896768001" />
        <option value="1658973524150" />
        <option value="1659055561030" />
        <option value="1659415492767" />
        <option value="1659491559252" />
        <option value="1659669287010" />
        <option value="1659776947868" />
        <option value="1659920976376" />
        <option value="1660007630925" />
        <option value="1660093007380" />
        <option value="1660527248348" />
        <option value="1660617189109" />
        <option value="1660719077142" />
        <option value="1660785492006" />
        <option value="1660871558074" />
        <option value="1661130064756" />
        <option value="1661222819819" />
        <option value="1661302252044" />
      </list>
    </option>
  </component>
</application>