<application>
  <component name="FeatureSuggesterSettings">
    <option name="workingDays">
      <list>
        <option value="1656462744247" />
        <option value="1656560210768" />
        <option value="1656643472812" />
        <option value="1656920653824" />
        <option value="1656982934041" />
        <option value="1657070000161" />
        <option value="1657155642335" />
        <option value="1657242320051" />
        <option value="1657502331874" />
        <option value="1657588018794" />
        <option value="1657672360786" />
        <option value="1657759577508" />
        <option value="1657864434770" />
        <option value="1658111370432" />
        <option value="1658194700978" />
        <option value="1658277834662" />
        <option value="1658368330534" />
        <option value="1658456050880" />
        <option value="1658711115092" />
        <option value="1658827864420" />
        <option value="1658896768001" />
        <option value="1658973524150" />
        <option value="1659055561030" />
        <option value="1659415492767" />
        <option value="1659491559252" />
        <option value="1659669287010" />
        <option value="1660042504717" />
        <option value="1660360603553" />
        <option value="1660439359581" />
        <option value="1660958477678" />
      </list>
    </option>
  </component>
</application>