<application>
  <component name="FeatureSuggesterSettings">
    <option name="workingDays">
      <list>
        <option value="1658827864420" />
        <option value="1658896768001" />
        <option value="1658973524150" />
        <option value="1659055561030" />
        <option value="1659415492767" />
        <option value="1659491559252" />
        <option value="1659669287010" />
        <option value="1659776947868" />
        <option value="1659920976376" />
        <option value="1660007630925" />
        <option value="1660093007380" />
        <option value="1660527248348" />
        <option value="1660617189109" />
        <option value="1660719077142" />
        <option value="1660785492006" />
        <option value="1660871558074" />
        <option value="1661130064756" />
        <option value="1661222819819" />
        <option value="1661302252044" />
        <option value="1661608752984" />
        <option value="1661646778513" />
        <option value="1662123855622" />
        <option value="1662810785920" />
        <option value="1662867024255" />
        <option value="1663477158185" />
        <option value="1663996724696" />
        <option value="1664087759950" />
        <option value="1664607252299" />
        <option value="1664662938862" />
        <option value="1664800759854" />
      </list>
    </option>
  </component>
</application>