<application>
  <component name="FeatureSuggesterSettings">
    <option name="workingDays">
      <list>
        <option value="1654834953254" />
        <option value="1655101949247" />
        <option value="1655177651632" />
        <option value="1655267437224" />
        <option value="1655341328870" />
        <option value="1655427251133" />
        <option value="1655608056348" />
        <option value="1655697953928" />
        <option value="1655860248816" />
        <option value="1655947323108" />
        <option value="1656032969668" />
        <option value="1656290803281" />
        <option value="1656395098806" />
        <option value="1656462744247" />
        <option value="1656560210768" />
        <option value="1656643472812" />
        <option value="1656920653824" />
        <option value="1656982934041" />
        <option value="1657070000161" />
        <option value="1657155642335" />
        <option value="1657242320051" />
        <option value="1657502331874" />
        <option value="1657588018794" />
        <option value="1657672360786" />
        <option value="1657759577508" />
        <option value="1657864434770" />
        <option value="1658111370432" />
        <option value="1658194700978" />
        <option value="1658277834662" />
        <option value="1658368330534" />
      </list>
    </option>
  </component>
</application>