<application>
  <component name="FeatureSuggesterSettings">
    <option name="workingDays">
      <list>
        <option value="1654650721810" />
        <option value="1654738084166" />
        <option value="1654834953254" />
        <option value="1655101949247" />
        <option value="1655177651632" />
        <option value="1655267437224" />
        <option value="1655341328870" />
        <option value="1655427251133" />
        <option value="1655608056348" />
      </list>
    </option>
  </component>
</application>